Titulo,Autor,Precio
México En El Precipicio. El Fracaso Económico De La 4T,"Schettino, Macario",229.00
Y Colorín Colorado Este Cuento Aún No Se Ha Acabado (Ed. Especial Xx Años),Odin Dupeyron,360.00
Esclava De La Libertad,"Falcones, Ildefonso",499.00
Cuento De Hadas,"King, Stephen",589.00
Spinoza En El Parque México,"Krauze, Enrique",398.00
Mamá Sin Letras Chiquitas. Lo Que Nadie Te Cuenta Sobre Ser Mamá,"Haene, Mel De",268.00
La Casa En El Mar Más Azul,"Klune, T.J.",398.00
Una Sombra En Las Brasas,"Armentrout, Jennifer L.",550.00
Toda La Sangre,"Esquinca, Bernardo",279.00
Paquete La Guía Santillana 4 Primaria + Educación Socioemocional + Alas De Papel 2022,Editorial Santillana,375.00
La Ciudad Oculta / Vol. 3,"Mauleon, Hector De",348.00
El Día Que Dejó De Nevar En Alaska,"Kellen, Alice",360.00
Dioses De Neón (Serie Dark Olympus 1),"Robert, Katee",388.00
Pop Bueno Pop Malo,"Cocker, Jarvis",385.00
Analizate,"Centeno, Maryfer",369.00
El Litio Y Su Dimensión Geopolítica,"Jalife Rahme, Alfredo",250.00
Ciudades De  Fuego. Trilogía Fuego 3,"Marcus, Joana",358.00
La Ciudad Oculta / Vol. 4,"Mauleon, Hector De",348.00
Galatea / Pd.,"Miller, Madeline",330.65
"Ni Siempre, Ni Nunca (Ni Tú, Ni Yo)","Toledo, Alex",289.00
El Gato Que Amaba Los Libros,"Natsukawa, Sosuke",289.00
Roba Como Un Artista,"Kleon, Austin",299.00
Cuando Echarle Ganas No Es Suficiente,"Lozano, Cesar",329.00
Justo Antes Del Final,"Monge, Emiliano",399.00
Tratar El Trauma,"Sweeton, Jennifer",610.00
El Retorno Del Rey. El Señor De Los Anillos #3 / Pd. (Nueva Edición),"Tolkien, J. R. R. (Tolkien, John Ronald Reuel)",598.00
El Tejido Social Rasgado,"Lomnitz, Claudio",219.00
¡Por Nosotros!,"Albertalli, Becky",395.00
El Arte De Escuchar,"Cameron, Julia Margaret",299.00
Inteligencia Espiritual. Descubre Cómo Aplicarla En Tu Vida Y En La Empresa,"Fischman, David",329.00
Trolardy 3. Trolardy Y La Tierra Espejo,Trolerotutos Y Hardy,268.00
El Género En Disputa,"Butler, Judith",399.00
¡Hipnosis Hoy!,"Healing, Camila",240.00
Crónica Del Puerto De Veracruz,"Benitez, Fernando",358.00
Venganzas,"Gutierrez Villavicencio, Andres",300.00
La Rueda De La Vida,"Kubler Ross, Elizabeth",299.00
La Hija De La Diosa De La Luna,Tan Sue Lynn,475.00
"Reina De Corazones. Diana, La Novela","Heiland, Julie",398.00
"Muchas Vidas, Muchos Maestros","Weiss, Brian L.",299.00
El Señor De Los Anillos 1. La Comunidad Del Anillo,"Tolkien, J. R. R. (Tolkien, John Ronald Reuel)",298.00
Un Samurai En La Revolución Mexicana,"Almada, Carlos",349.00
101 Experiencias De Filosofía Cotidiana,"Droit, Roger-Pol",599.00
El Amor De Tu Alma,"Schwartz, Robert",450.00
Antología De Dinosaurios Y Vida Prehistórica / Pd.,"Chinsamy-Turan, Anusuya",576.00
Instrucciones Para Después De Mi Partida,"Gracia, Josefina",240.00
El Libro Del Sepulturero,"Potzsch, Oliver",398.00
Venganzas / Pd.,"Gutierrez Villavicencio, Andres",400.00
Sana A Tus Antepasados Para Sanar Tu Vida,"Kaehr, Shelley A",275.00
Libro Agenda. Pequeño Cerdo Capitalista 2023 Retos Financieros. Arregla Tu Relajito Financiero En 365 Días,"Macias, Sofia",399.00
Sucedió Un Verano,"Bailey, Tessa",380.00
"Ya Te Dije Adiós, Ahora Cómo Te Olvido","Riso, Walter",248.00
Tómalo Con Filosofía. Manual De Florecimiento Personal,"Colamedici, Andrea",296.00
"Sin Límites. Mejora Tus Capacidades, Aprende Más Rápido Y Alcanza Una Vida Excepcional","Kwik, Jim",385.00
El Rey Oscuro,"Pacat, C.S",430.00
Un Linaje Oscuro / Las Crónicas De Ravenswood #1,"Vilchez, Victoria",450.00
Un Café Contigo,"Helmstetter, Kristen",248.00
Las Palabras Que Confiamos Al Viento,"Messina, Laura Imai",299.00
Manos Que Curan. El Libro Guía De Las Curaciones Espirituales,"Brennan, Barbara Ann",448.00
Una Vida Con Ángeles 2023,"Karam, Tania",389.00
Capitalismo Y Pulsión De Muerte. Artículos Y Conversaciones,"Han, Byung Chul",388.00
La Historia Interminable / 2 Ed.,"Ende, Michael",310.00
"México, Manual De Usuario","Torres, Chumel",269.00
El Misterio De Salem'S Lot,"King, Stephen",429.00
La Niña Polaca,"Rojas, Monica",299.00
Invictor Detective Y El Secuestro De Los Compas,Invictor & Acenix,249.00
Clímax Club. Una Cartografía Del Placer,"Pla, June",500.65
Conecta Con Los Demás,"Tracy, Brian",229.00
México Secreto,"Martin Moreno, Francisco",499.00
Libérame,"Mafi, Tahereh",420.00
El Vendedor De Silencio,"Serna, Enrique",309.00
"Maravillosamente Imperfecto, Escandalosamente Feliz","Riso, Walter",298.00
La Historiadora,"Kostova, Elizabeth",565.00
La Maestra,"Moreira, Carlos",298.00
La Armada Invencible,"Ortuño, Antonio",368.00
El Espacio. Mi Viaje De Descubrimiento / Pd.,"Lombaert, Anja De",279.00
Spinoza En El Parque México / Pd.,"Krauze, Enrique",498.00
Leona Vicario Y El Misterio De Las Medallas De Plata,"Fernandez, Pedro J.",299.00
101 Historias Del Bosque Encantado / Pd.,"Leonardi, Stefania",269.00
Cauterio,"Lijtmaer, Lucia",410.00
Doctor Sueño,"King, Stephen",399.00
Cuando Moctezuma Conoció A Cortés,"Restall, Matthew",399.00
Star Wars. La Historia Visual / Pd.,Dorling Kindersley Children S,"1,161.00"
Imparables,"Harari, Yuval Noah",299.00
Mi Vida No Tan Secreta,"Servin, J. M.",449.00
Cómo Ser Una Bruja Moderna,"Herstik, Gabriela",249.00
Mi Cuerpo. Mi Viaje De Descubrimiento / Pd.,"Lombaert, Anja De",279.00
Técnica De La Entrevista Psicodinámica,"Diaz Portillo, Isabel",198.75
Cerebro De Pan,"Perlmutter, David",369.00
Escándalos A La Luz De La Luna / Los Hermanos De Vincent 3,"Armentrout, Jennifer L.",410.00
Benito Juárez. El Hombre Y El Símbolo,"Galeana, Patricia",299.00
Star Wars. Enciclopedia De Personajes Actualizada Y Ampliada / Pd.,Planeta Comic,698.00
Conciencia,Osho,299.00
Si Nuestra Piel Hablara,"Hamblin, James",299.00
Litio,"Caneyada, Imanol",298.00
El Señor De Los Anillos 2. Las Dos Torres,"Tolkien, J. R. R. (Tolkien, John Ronald Reuel)",298.00
Disney Baby. Pinta Con Agua,Disney,298.00
Este Vacío Que Hierve,"Comensal, Jorge",349.00
Pequeñas Desgracias Sin Importancia,"Toews, Miriam",295.00
Kitty Y La Desaparición Misteriosa,"Harrison, Paula",169.00
La Montaña Eres Tú,"Wiest, Brianna",288.00
